date,open,close,high,low,volume,company
2023-09-20,147.2600,149.8300,151.9299,144.6600,51854060,IBM
2023-08-31,144.2500,146.8300,147.7275,139.7600,84274205,IBM
2023-07-31,133.4200,144.1800,144.6050,131.5500,85778938,IBM
2023-06-30,128.4400,133.8100,139.4690,127.7800,100722016,IBM
2023-05-31,126.3500,128.5900,130.0699,120.5500,95710890,IBM
2023-04-28,130.9700,126.4100,132.6100,124.5600,83664114,IBM
2023-03-31,128.9000,131.0900,131.4800,121.7100,138093084,IBM
2023-02-28,134.4900,129.3000,137.3900,128.8600,76080679,IBM
2023-01-31,141.1000,134.7300,147.1800,132.9800,105576019,IBM
2022-12-30,149.9800,140.8900,153.2100,137.1950,86426226,IBM
2022-11-30,138.2500,148.9000,150.4600,133.9700,93620235,IBM
2022-10-31,120.1600,138.2900,138.8615,115.5450,113480787,IBM
2022-09-30,128.4000,118.8100,130.9900,118.6100,87256958,IBM
2022-08-31,130.7500,128.4500,139.3400,128.4000,77392342,IBM
2022-07-29,141.0000,130.7900,141.8700,125.1300,129801061,IBM
2022-06-30,139.6700,141.1900,144.7300,132.8500,105815743,IBM
2022-05-31,133.0000,138.8400,139.8300,125.8000,113207659,IBM
2022-04-29,129.6600,132.2100,141.8800,124.9100,107525264,IBM
2022-03-31,122.6700,130.0200,133.0800,120.7000,96447210,IBM
2022-02-28,133.7600,122.5100,138.8200,118.8100,98492968,IBM
2022-01-31,134.0700,133.5700,142.2000,124.1930,147238382,IBM
2021-12-31,118.2500,133.6600,134.9900,116.5600,113930079,IBM
2021-11-30,125.0500,117.1000,127.2900,114.5600,119252012,IBM
2021-10-29,141.0000,125.1000,146.0000,124.6200,144097758,IBM
2021-09-30,139.9800,138.9300,140.5700,132.7800,76644238,IBM
2021-08-31,141.4500,140.3400,144.7000,137.2100,69687056,IBM
2021-07-30,146.9600,140.9600,147.5000,136.2089,110625907,IBM
2021-06-30,145.0000,146.5900,152.8400,143.0400,84365220,IBM
2021-05-28,143.8100,143.7400,148.5150,140.9200,98036425,IBM
2021-04-30,133.7600,141.8800,148.7400,130.3800,122920494,IBM
2021-03-31,120.3500,133.2600,137.0700,118.7550,127967821,IBM
2021-02-26,119.9000,118.9300,124.3500,118.1200,106339228,IBM
2021-01-29,125.8500,119.1100,132.2400,117.3600,176168962,IBM
2020-12-31,123.9000,125.8800,127.6900,121.7200,102587006,IBM
2020-11-30,112.6500,123.5200,125.3130,111.1600,103461100,IBM
2020-10-30,122.3600,111.6600,135.5000,105.9200,159130911,IBM
2020-09-30,122.8500,121.6700,129.9500,116.4800,84510174,IBM
2020-08-31,123.5000,123.3100,130.4700,122.1500,74033007,IBM
2020-07-31,120.2700,122.9400,132.1700,115.2000,113972765,IBM
2020-06-30,124.6400,120.7700,135.8800,115.8800,120931250,IBM
2020-05-29,123.1900,124.9000,126.9700,111.8100,92864791,IBM
2020-04-30,106.3600,125.5600,129.3100,104.5200,130400316,IBM
2020-03-31,130.7500,110.9300,136.1000,90.5600,189585053,IBM
2020-02-28,144.2500,130.1500,158.7500,126.3600,118092333,IBM
2020-01-31,135.0000,143.7300,145.7900,133.2000,112864967,IBM
2019-12-31,134.4500,134.0400,136.4200,130.6900,71661951,IBM
2019-11-29,134.5000,134.4500,139.1400,132.7500,64898948,IBM
2019-10-31,145.5900,133.7300,147.3500,130.9000,92647927,IBM
2019-09-30,134.8500,145.4200,146.5700,133.3300,62083780,IBM
2019-08-30,148.9000,135.5300,152.9500,128.8300,96719129,IBM
2019-07-31,139.6000,148.2400,151.9400,139.1300,80175943,IBM
2019-06-28,127.1000,137.9000,140.1500,127.0600,61342985,IBM
2019-05-31,140.5500,126.9900,141.8100,126.8500,75537897,IBM
2019-04-30,141.5100,140.2700,145.3900,136.2600,80199229,IBM
2019-03-29,139.3100,141.1000,142.1200,133.5800,74688899,IBM
2019-02-28,134.9700,138.1300,140.4900,132.1200,68462024,IBM
2019-01-31,112.0100,134.4200,135.4100,111.6900,120388583,IBM
2018-12-31,125.6700,113.6700,126.5900,105.9400,115600988,IBM
2018-11-30,115.5000,124.2700,125.0600,114.5400,141719180,IBM
2018-10-31,151.7100,115.4300,154.3600,114.0900,198093801,IBM
2018-09-28,145.9800,151.2100,153.3500,144.8100,95868702,IBM
2018-08-31,144.7600,146.4800,147.9300,142.0000,79196876,IBM
2018-07-31,138.2800,144.9300,150.5400,138.2000,95015127,IBM
2018-06-29,142.4300,139.7000,147.5200,137.4500,90243111,IBM
2018-05-31,144.6500,141.3100,146.2000,139.9000,88812832,IBM
2018-04-30,153.3400,144.9600,162.0000,144.1100,122893135,IBM
2018-03-29,155.5300,153.4300,162.1100,148.5400,92113147,IBM
2018-02-28,163.1900,155.8300,164.1300,144.4000,100673819,IBM
2018-01-31,154.5000,163.7000,171.1300,153.5400,140197975,IBM
2017-12-29,154.4000,153.4200,157.8500,151.4900,87525752,IBM
2017-11-30,154.1000,153.9700,154.9000,146.2110,89208545,IBM
2017-10-31,145.3500,154.0600,162.5100,145.2100,121490046,IBM
2017-09-29,142.9800,145.0800,147.4200,141.6400,77056229,IBM
2017-08-31,145.0000,143.0300,145.6700,139.1300,79260314,IBM
2017-07-31,153.5800,144.6700,156.0250,143.6400,91242021,IBM
2017-06-30,152.8000,153.8300,157.2000,150.8000,82652760,IBM
2017-05-31,160.0500,152.6300,160.4200,149.7900,102455942,IBM
2017-04-28,173.8200,160.2900,176.3300,159.6000,80758989,IBM
2017-03-31,180.4800,174.1400,182.5500,172.0937,79476385,IBM
2017-02-28,175.0000,179.8200,182.7900,172.8900,59817600,IBM
2017-01-31,167.0000,174.5200,179.2500,165.3400,88671370,IBM
2016-12-30,161.9500,165.9900,169.9520,158.3000,69463793,IBM
2016-11-30,153.5000,162.2200,164.6600,151.0000,76340912,IBM
2016-10-31,158.0600,153.6900,158.5300,147.7900,78325840,IBM
2016-09-30,158.3200,158.8500,165.0000,153.2100,69951563,IBM
2016-08-31,160.6500,158.8800,164.9500,157.8500,69680582,IBM
2016-07-29,152.1900,160.6200,163.6000,149.9200,69930927,IBM
2016-06-30,153.0000,151.7800,155.4800,142.5000,77115961,IBM
2016-05-31,146.5600,153.7400,153.8100,142.9000,75248178,IBM
2016-04-29,150.5100,145.9400,153.5200,142.6100,94431134,IBM
2016-03-31,132.2400,151.4500,153.1000,132.0300,105698603,IBM
2016-02-29,124.4000,131.0300,134.9200,116.9010,106703104,IBM
2016-01-29,135.6000,124.7900,136.8900,118.0000,126204196,IBM
2015-12-31,139.5800,137.6200,141.4000,133.9100,97650594,IBM
2015-11-30,140.5000,139.4200,142.8000,131.6500,85421426,IBM
2015-10-30,145.3100,140.0800,153.1470,137.3300,120622363,IBM
2015-09-30,144.8400,144.9700,149.6800,141.1501,81761648,IBM
2015-08-31,161.7000,147.8900,161.8500,140.6200,93750967,IBM
2015-07-31,163.9700,161.9900,173.7800,158.5000,93805392,IBM
2015-06-30,170.2100,162.6600,171.5601,162.1200,80845501,IBM
2015-05-29,173.2000,169.6500,176.3000,168.8400,57916093,IBM
2015-04-30,160.2300,171.2900,175.1303,158.3900,93821213,IBM
2015-03-31,161.6800,160.5000,165.3500,153.4000,104899758,IBM
2015-02-27,154.0000,161.9400,164.9900,151.5100,77654705,IBM
2015-01-30,161.3100,153.3100,163.3100,149.5200,117395861,IBM
2014-12-31,161.6400,160.4400,164.5200,150.5000,101614529,IBM
2014-11-28,164.2500,162.1700,164.9700,159.8000,80018581,IBM
2014-10-31,189.9100,164.4000,190.8900,161.1000,146272610,IBM
2014-09-30,192.6800,189.8300,195.0000,188.1200,64033759,IBM
2014-08-29,190.5000,192.3000,194.1330,183.5800,53441600,IBM
2014-07-31,181.7000,191.6700,196.4000,181.7000,97597800,IBM
2014-06-30,184.7600,181.2700,187.6500,179.2700,78501700,IBM
2014-05-30,196.3100,184.3600,196.7400,182.3300,70018300,IBM
2014-04-30,193.1200,196.4700,199.2100,187.0100,118447100,IBM
2014-03-31,183.3300,192.4900,195.6300,182.2100,118984000,IBM
2014-02-28,176.0200,185.1700,186.1200,172.1900,87054800,IBM
2014-01-31,187.2100,176.6800,190.8100,175.3400,123489300,IBM
2013-12-31,179.4600,187.5700,187.7900,172.7300,97993100,IBM
2013-11-29,179.8100,179.6800,186.2400,177.3100,100984900,IBM
2013-10-31,185.3400,179.2100,186.9900,172.5700,130967100,IBM
2013-09-30,183.6300,185.1800,194.8900,182.3100,71488100,IBM
2013-08-30,196.6500,182.2700,197.1700,181.1000,73077400,IBM
2013-07-31,192.1500,195.0400,200.9400,190.2600,88079400,IBM
2013-06-28,208.2500,191.1100,210.0500,188.4100,80215000,IBM
2013-05-31,201.8700,208.0200,211.9800,199.2000,90683600,IBM
2013-04-30,212.8000,202.5400,214.8900,187.6800,108666600,IBM
2013-03-28,200.6500,213.3000,215.9000,199.3600,76023800,IBM
2013-02-28,204.6500,200.8300,205.3500,197.5100,64144100,IBM
2013-01-31,194.0900,203.0700,208.5800,190.3900,87636600,IBM
2012-12-31,190.7600,191.5500,196.4500,186.9400,79320200,IBM
2012-11-30,194.9600,190.0700,198.0000,184.7800,81892500,IBM
2012-10-31,208.0100,194.5300,211.7900,190.5600,96155000,IBM
2012-09-28,196.6100,207.4500,208.3200,193.2500,77341400,IBM
2012-08-31,196.9600,194.8500,202.0000,193.0200,60653700,IBM
2012-07-31,196.3600,195.9800,197.8400,181.8500,91516500,IBM
2012-06-29,190.1200,195.5800,199.9900,187.0000,84559100,IBM
2012-05-31,207.1800,192.9000,208.9290,192.0000,86005300,IBM
2012-04-30,208.9600,207.0800,210.6900,196.7910,86603000,IBM
2012-03-30,197.2300,208.6500,209.1200,196.8120,88096900,IBM
2012-02-29,193.2100,196.7300,199.2300,190.8310,78809900,IBM
2012-01-31,186.7300,192.6000,193.1000,177.3472,110015000,IBM
2011-12-30,187.0100,183.8800,194.9000,179.0400,103436500,IBM
2011-11-30,181.5500,188.0000,189.9700,177.0600,97014100,IBM
2011-10-31,174.3600,184.6300,190.5300,168.8800,144563700,IBM
2011-09-30,172.7100,174.8700,180.9100,158.7600,137895000,IBM
2011-08-31,182.6000,171.9100,183.6900,157.1300,195054100,IBM
2011-07-29,171.6100,181.8500,185.6300,171.4900,113593200,IBM
2011-06-30,168.9000,171.5500,172.4468,161.5200,105442400,IBM
2011-05-31,172.1100,168.9300,173.5400,165.9000,110804200,IBM
2011-04-29,163.7000,170.5800,173.0000,162.1900,100769500,IBM
2011-03-31,163.1500,163.0700,167.7200,151.7100,129714300,IBM
2011-02-28,162.1100,161.8800,166.2500,159.0300,89067500,IBM
2011-01-31,147.2100,162.0000,164.3500,146.6400,118831600,IBM
2010-12-31,143.6100,146.7600,147.5000,143.5100,93392800,IBM
2010-11-30,143.6400,141.4600,147.5300,141.1800,104096700,IBM
2010-10-29,135.5100,143.6000,144.0000,134.3900,137284700,IBM
2010-09-30,125.3100,134.1400,136.1100,124.5200,116092900,IBM
2010-08-31,129.2500,123.1300,132.4900,122.2800,117394000,IBM
2010-07-30,123.5500,128.4000,131.6000,120.6100,144080000,IBM
2010-06-30,124.6900,123.4800,131.9400,122.8200,162019100,IBM
2010-05-28,129.3900,125.2600,133.1000,116.0000,188444200,IBM
2010-04-30,128.9500,129.0000,132.2800,127.1200,146426400,IBM
2010-03-31,127.5000,128.2500,130.7300,125.2000,139997300,IBM
2010-02-26,123.2300,127.1600,128.2700,121.6100,113211200,IBM
2010-01-29,131.1800,122.3900,134.2500,121.9000,156110600,IBM
2009-12-31,127.2900,130.9000,132.8500,126.0000,124475900,IBM
2009-11-30,120.6100,126.3500,128.9400,119.5000,110748200,IBM
2009-10-30,119.3900,120.6100,128.6100,117.2600,183531100,IBM
2009-09-30,117.6700,119.6100,122.8800,115.1500,131522200,IBM
2009-08-31,118.8800,118.0500,120.8800,116.1200,112480200,IBM
2009-07-31,105.0000,117.9300,119.3700,99.5000,176171400,IBM
2009-06-30,106.9400,104.4200,110.6400,103.5100,160502100,IBM
2009-05-29,103.7800,106.2800,106.8200,99.8300,153084700,IBM
2009-04-30,96.1300,103.2100,106.0500,95.7000,213623100,IBM
2009-03-31,91.1700,96.8900,99.8600,83.0200,286114500,IBM
2009-02-27,90.6000,92.0300,97.1000,82.8500,223017600,IBM
2009-01-30,83.8900,91.6500,94.9400,81.7600,208959400,IBM
2008-12-31,80.9500,84.1600,87.2700,75.3100,188846100,IBM
2008-11-28,92.6400,81.6000,94.7600,69.5000,218313000,IBM
2008-10-31,115.5100,92.9700,116.8000,78.8200,314972000,IBM
2008-09-30,122.8700,116.9600,124.0000,109.9500,218411700,IBM
2008-08-29,128.5200,121.7300,129.9700,121.5000,137028800,IBM
2008-07-31,117.5000,127.9800,130.9300,116.6000,200876500,IBM
2008-06-30,128.6700,118.5300,129.3700,118.1500,152327500,IBM
2008-05-30,121.0600,129.4300,129.9900,120.7800,159517500,IBM
2008-04-30,115.1400,120.7000,125.0000,113.8600,192087200,IBM
2008-03-31,114.0900,115.1400,119.7900,111.8000,179284200,IBM
2008-02-29,107.2100,113.8600,116.6300,100.6000,168280800,IBM
2008-01-31,108.9900,107.1100,108.9900,97.0400,247523900,IBM
2007-12-31,105.4500,108.1000,112.1900,104.0000,134151600,IBM
2007-11-30,115.5000,105.1800,116.0900,99.2700,200920600,IBM
2007-10-31,117.6100,116.1200,121.4600,110.9600,171669000,IBM
2007-09-28,116.3400,117.8000,118.8900,114.3000,132233800,IBM
2007-08-31,110.3900,116.6900,117.3500,103.7000,202871500,IBM
2007-07-31,105.3900,110.6500,118.8200,104.5800,212757600,IBM
2007-06-29,106.6200,105.2500,107.2400,101.5600,169602000,IBM
2007-05-31,102.0600,106.6000,108.0500,101.3500,146441400,IBM
2007-04-30,94.5100,102.2100,103.0000,93.9110,166807200,IBM
2007-03-30,90.2500,94.2600,95.8100,88.7700,163194500,IBM
2007-02-28,98.9700,92.9400,100.4400,92.4700,125776200,IBM
2007-01-31,97.1700,99.1500,100.9000,94.5500,192702000,IBM
2006-12-29,91.9000,97.1500,97.8800,90.5500,104470200,IBM
2006-11-30,92.5000,91.9200,94.0500,90.4300,104430000,IBM
2006-10-31,81.7600,92.3300,92.6800,81.5600,170367300,IBM
2006-09-29,81.1300,81.9400,83.7900,79.3100,102776100,IBM
2006-08-31,76.8600,80.9700,81.6800,74.9000,100880300,IBM
2006-07-31,77.5400,77.4100,78.5300,72.7300,137188300,IBM
2006-06-30,79.8900,76.8200,80.8700,76.0600,139457800,IBM
2006-05-31,82.5900,79.9000,83.6900,79.0000,113146500,IBM
2006-04-28,82.7200,82.3400,84.4500,80.6300,114007000,IBM
2006-03-31,80.0100,82.4700,84.9900,79.5100,111514900,IBM
2006-02-28,80.9000,80.2400,82.2400,78.9300,111052200,IBM
2006-01-31,82.4500,81.3000,85.0300,80.2100,146491600,IBM
2005-12-30,89.1500,82.2000,89.9200,81.5600,120052400,IBM
2005-11-30,81.8500,88.9000,89.9400,80.6400,110664500,IBM
2005-10-31,80.2200,81.8800,84.6000,78.7000,139881800,IBM
2005-09-30,80.1600,80.2200,82.1100,76.9300,115681400,IBM
2005-08-31,83.0000,80.6200,84.2000,79.8700,105031100,IBM
2005-07-29,74.3000,83.4600,85.1100,74.1600,156801500,IBM
2005-06-30,75.5700,74.2000,77.7300,73.4500,135542800,IBM
2005-05-31,76.8800,75.5500,78.1100,72.5000,138416000,IBM
2005-04-29,91.4900,76.3800,91.7600,71.8500,216745500,IBM
2005-03-31,92.6400,91.3800,93.7300,89.0900,106145200,IBM
2005-02-28,93.6700,92.5800,94.9700,91.5500,79707700,IBM
2005-01-31,98.9700,93.4200,99.1000,91.4400,114459000,IBM
2004-12-31,94.5000,98.5800,99.0000,94.4700,108170400,IBM
2004-11-30,89.3300,94.2400,96.6300,89.2300,114982100,IBM
2004-10-29,85.9500,89.7500,90.2700,84.2900,118116100,IBM
2004-09-30,84.0500,85.7400,87.2800,83.2400,93906300,IBM
2004-08-31,86.8700,84.6900,87.3900,81.9000,91169700,IBM
2004-07-30,88.2800,87.0700,88.4400,83.4200,121001000,IBM
2004-06-30,88.0900,88.1500,91.2100,87.3000,91968600,IBM
2004-05-28,88.1300,88.5900,89.7500,85.1200,104707300,IBM
2004-04-30,91.6700,88.1700,94.5500,88.0100,110632000,IBM
2004-03-31,96.5000,91.8400,97.6000,90.2800,124483700,IBM
2004-02-27,99.1500,96.5000,100.4300,95.2000,97741900,IBM
2004-01-30,92.8600,99.2300,99.8500,89.0100,139368500,IBM
2003-12-31,90.9000,92.6800,94.1200,90.0300,116103600,IBM
2003-11-28,89.9000,90.5400,91.4800,87.7200,97966100,IBM
2003-10-31,88.7500,89.4800,94.5400,87.5300,156145400,IBM
2003-09-30,82.4000,88.3300,93.4700,82.3000,171943100,IBM
2003-08-29,81.1500,82.0100,84.7200,78.7300,113895200,IBM
2003-07-31,81.4000,81.2500,87.0300,80.5800,153915600,IBM
2003-06-30,89.0000,82.5000,89.0800,79.8100,184488300,IBM
2003-05-30,85.3000,88.0400,90.4000,84.4500,149548000,IBM
2003-04-30,78.5000,84.9000,86.4900,78.1200,177874300,IBM
2003-03-31,78.9000,78.4300,84.9000,73.1700,191937200,IBM
2003-02-28,78.2000,77.9500,80.0500,74.3100,145672700,IBM
2003-01-31,78.8000,78.2000,88.9500,77.0200,193933500,IBM
2002-12-31,88.6000,77.5000,89.4600,75.6000,151563500,IBM
2002-11-29,78.9000,86.9200,88.1100,76.7000,184438100,IBM
2002-10-31,59.2000,78.9400,79.7900,54.0100,285626300,IBM
2002-09-30,74.2000,58.3100,77.5000,57.9900,185664400,IBM
2002-08-30,70.4000,75.3800,82.8500,65.8500,166322300,IBM
2002-07-31,72.0100,70.4000,74.2000,65.7000,246256900,IBM
2002-06-28,80.7500,72.0000,80.9500,66.1000,190980700,IBM
2002-05-31,83.8500,80.4500,86.4900,75.9200,172738400,IBM
2002-04-30,104.0000,83.7600,104.0000,83.3400,246503300,IBM
2002-03-28,98.6000,104.0000,108.8500,98.5000,151268500,IBM
2002-02-28,107.6400,98.1200,109.3000,95.7600,172321000,IBM
2002-01-31,120.6000,107.8900,126.3900,101.0000,193562900,IBM
2001-12-31,114.8000,120.9600,124.7000,113.2100,133393800,IBM
2001-11-30,107.2500,115.5900,117.0000,106.9000,135136300,IBM
2001-10-31,91.7200,108.0700,112.1000,91.3400,224351500,IBM
2001-09-28,100.1500,91.7200,103.1300,87.4900,189312500,IBM
2001-08-31,105.3500,99.9500,110.0900,98.8600,143401500,IBM
2001-07-31,113.5000,105.2100,115.4000,101.5600,161016400,IBM
2001-06-29,112.5000,113.5000,119.0000,111.1000,142929700,IBM
2001-05-31,115.8500,111.8000,119.9000,110.9600,159356200,IBM
2001-04-30,97.4500,115.1400,118.0500,90.0500,226210900,IBM
2001-03-30,99.3000,96.1800,108.4000,87.6500,254550000,IBM
2001-02-28,112.4000,99.9000,118.6400,99.1000,156438900,IBM
2001-01-31,84.5000,112.0000,116.7500,83.7500,198962600,IBM
2000-12-29,94.4400,85.0000,104.7500,80.0600,167790700,IBM
2000-11-30,98.4400,93.5000,104.3700,91.6200,130411900,IBM
2000-10-31,112.6200,98.5000,119.6200,86.9400,223510000,IBM
2000-09-29,133.0600,112.6200,134.9400,110.2500,107468400,IBM
2000-08-31,112.0000,132.0200,134.2500,110.2500,121998000,IBM
2000-07-31,108.7500,112.2500,117.8100,100.0000,150130400,IBM
2000-06-30,107.5600,109.5600,122.3100,105.5000,136216300,IBM
2000-05-31,112.5000,107.3100,113.6200,102.0000,123803200,IBM
2000-04-28,120.0000,111.5000,128.0000,101.2500,168464800,IBM
2000-03-31,102.0000,118.3700,128.2500,99.5000,194329000,IBM
2000-02-29,112.3700,102.7500,119.7500,100.9400,133524400,IBM
2000-01-31,112.4400,112.2500,124.7500,109.6200,175259600,IBM
1999-12-31,102.5600,107.8700,122.1200,102.2500,158626300,IBM
2023-09-20,189.4850,175.4900,189.9800,173.5400,932160300,AAPL
2023-08-31,196.2350,187.8700,196.7300,171.9600,1323817340,AAPL
2023-07-31,193.7800,196.4500,198.2300,186.6000,996368613,AAPL
2023-06-30,177.7000,193.9700,194.4800,176.9306,1297863403,AAPL
2023-05-31,169.2800,177.2500,179.3500,164.3100,1275052503,AAPL
2023-04-28,164.2700,169.6800,169.8500,159.7800,967580718,AAPL
2023-03-31,146.8300,164.9000,165.0000,143.9000,1520461315,AAPL
2023-02-28,143.9700,147.4100,157.3800,141.3200,1307294493,AAPL
2023-01-31,130.2800,144.2900,147.2300,124.1700,1443652725,AAPL
2022-12-30,148.2100,129.9300,150.9199,125.8700,1675731304,AAPL
2022-11-30,155.0800,148.0300,155.4500,134.3800,1724948219,AAPL
2022-10-31,138.2100,153.3400,157.5000,134.3700,1868381344,AAPL
2022-09-30,156.6400,138.2000,164.2600,138.0000,2083968147,AAPL
2022-08-31,161.0100,157.2200,176.1500,157.1400,1509735435,AAPL
2022-07-29,136.0400,162.5100,163.6300,135.6600,1447364668,AAPL
2022-06-30,149.9000,136.7200,151.7400,129.0400,1749297959,AAPL
2022-05-31,156.7100,148.8400,166.4800,132.6100,2400305601,AAPL
2022-04-29,174.0300,157.6500,178.4900,155.3800,1683547838,AAPL
2022-03-31,164.6950,174.6100,179.6100,150.1000,2171827429,AAPL
2022-02-28,174.0100,165.1200,176.6500,152.0000,1628570227,AAPL
2022-01-31,177.8300,174.7800,182.9400,154.7000,2106513962,AAPL
2021-12-31,167.4800,177.5700,182.1300,157.8000,2443227128,AAPL
2021-11-30,148.9850,165.3000,165.7000,147.4800,1688864233,AAPL
2021-10-29,141.9000,149.8000,153.1650,138.2700,1565079040,AAPL
2021-09-30,152.8300,141.5000,157.2600,141.2700,1797948421,AAPL
2021-08-31,146.3600,151.8300,153.4900,144.5000,1462773381,AAPL
2021-07-30,136.6000,145.8600,150.0000,135.7600,1916751489,AAPL
2021-06-30,125.0800,136.9600,137.4100,123.1300,1606114354,AAPL
2021-05-28,132.0400,124.6100,134.0700,122.2500,1711935110,AAPL
2021-04-30,123.6600,131.4600,137.0700,122.4900,1889956694,AAPL
2021-03-31,123.7500,122.1500,128.7200,116.2100,2650845211,AAPL
2021-02-26,133.7500,121.2600,137.8770,118.3900,1825486961,AAPL
2021-01-29,133.5200,131.9600,145.0900,126.3820,2239366098,AAPL
2020-12-31,121.0100,132.6900,138.7890,120.0100,2319687808,AAPL
2020-11-30,109.1100,119.0500,121.9900,107.3200,2122724412,AAPL
2020-10-30,117.6400,108.8600,125.3900,107.7200,2895317580,AAPL
2020-09-30,132.7600,115.8100,137.9800,103.1000,3886793083,AAPL
2020-08-31,432.8000,129.0400,515.1400,126.0000,1184207050,AAPL
2020-07-31,365.1200,425.0400,425.6600,356.5800,755162226,AAPL
2020-06-30,317.7500,364.8000,372.3800,317.2100,810900890,AAPL
2020-05-29,286.2500,317.9400,324.2400,285.8500,701660022,AAPL
2020-04-30,246.5000,293.8000,294.5300,236.9000,816530808,AAPL
2020-03-31,282.2800,254.2900,304.0000,212.6100,1570331732,AAPL
2020-02-28,304.3000,273.3600,327.2200,256.3700,755223231,AAPL
2020-01-31,296.2400,309.5100,327.8500,292.7500,734044103,AAPL
2019-12-31,267.2700,293.6500,293.9700,256.2900,598871365,AAPL
2019-11-29,249.5400,267.2500,268.0000,249.1600,448922253,AAPL
2019-10-31,225.0700,248.7600,249.7500,215.1300,621478768,AAPL
2019-09-30,206.4300,223.9700,226.4200,204.2200,547408488,AAPL
2019-08-30,213.9000,208.7400,218.0300,192.5800,683515746,AAPL
2019-07-31,203.1700,213.0400,221.3700,198.4100,473957094,AAPL
2019-06-28,175.6000,197.9200,201.5700,170.2700,515218768,AAPL
2019-05-31,209.8800,175.0700,215.3100,174.9900,739456573,AAPL
2019-04-30,191.6400,200.6700,208.4800,188.3800,506117812,AAPL
2019-03-29,174.2800,189.9500,197.6900,169.5000,650981384,AAPL
2019-02-28,166.9600,173.1500,175.8700,165.9300,472540723,AAPL
2019-01-31,154.8900,166.4400,169.0000,142.0000,828099179,AAPL
2018-12-31,184.4600,157.7400,184.9400,146.5900,898917007,AAPL
2018-11-30,219.0500,178.5800,222.3600,170.2600,961321947,AAPL
2018-10-31,227.9500,218.8600,233.4700,206.0900,789748068,AAPL
2018-09-28,228.4100,225.7400,229.6700,215.3000,678972040,AAPL
2018-08-31,199.1300,227.6300,228.8700,197.3100,700318837,AAPL
2018-07-31,183.8200,190.2900,195.9600,183.4200,393843881,AAPL
2018-06-29,187.9900,185.1100,194.2000,180.7300,527624365,AAPL
2018-05-31,166.4100,186.8700,190.3700,165.2700,620976206,AAPL
2018-04-30,166.6400,165.2600,178.9400,160.6300,666360147,AAPL
2018-03-29,178.5400,167.7800,183.5000,164.9400,701387082,AAPL
2018-02-28,167.1700,178.1200,180.6200,150.2400,888378184,AAPL
2018-01-31,170.1600,167.4300,180.1000,164.7000,639245534,AAPL
2017-12-29,169.9500,169.2300,177.2000,166.4600,518560008,AAPL
2017-11-30,169.8700,171.8500,176.2400,165.2800,581374608,AAPL
2017-10-31,154.2600,169.0400,169.6499,152.4600,496135305,AAPL
2017-09-29,164.8000,154.1200,164.9400,149.1600,669594016,AAPL
2017-08-31,149.1000,164.0000,164.5200,148.4100,638221161,AAPL
2017-07-31,144.8800,148.7300,153.9900,142.4100,411377229,AAPL
2017-06-30,153.1700,144.0200,155.9800,142.2000,664986406,AAPL
2017-05-31,145.1000,152.7600,156.6500,144.2700,635292989,AAPL
2017-04-28,143.7100,143.6500,145.4600,140.0600,371280180,AAPL
2017-03-31,137.8900,143.6600,144.5000,137.0500,562091214,AAPL
2017-02-28,127.0300,136.9900,137.4800,127.0100,574968547,AAPL
2017-01-31,115.8000,121.3500,122.4400,114.7600,563331160,AAPL
2016-12-30,110.3650,115.8200,118.0166,108.2500,608771645,AAPL
2016-11-30,113.4600,110.5200,113.7700,104.0800,721554967,AAPL
2016-10-31,112.7100,113.5400,118.6900,112.2800,686914224,AAPL
2016-09-30,106.1400,113.0500,116.1800,102.5300,970096738,AAPL
2016-08-31,104.4100,106.1000,110.2300,104.0000,630128567,AAPL
2016-07-29,95.4900,104.2100,104.5500,94.3700,685779613,AAPL
2016-06-30,99.0200,95.6000,101.8900,91.5000,780630235,AAPL
2016-05-31,93.9650,99.8600,100.7300,89.4700,901144768,AAPL
2016-04-29,108.7800,93.7400,112.3900,92.5100,872383623,AAPL
2016-03-31,97.6500,108.9900,110.4200,97.4200,745756771,AAPL
2016-02-29,96.4700,96.6900,98.8900,92.5900,810862547,AAPL
2016-01-29,102.6100,97.3400,105.8500,92.3900,1271848087,AAPL
2015-12-31,118.7500,105.2600,119.8600,104.8200,922626259,AAPL
2015-11-30,119.8700,118.3000,123.8200,111.0000,750606735,AAPL
2015-10-30,109.0700,119.5000,121.2200,107.3100,1113703829,AAPL
2015-09-30,110.1800,109.9500,116.8900,107.3600,1203789074,AAPL
2015-08-31,121.5000,112.7600,122.5700,92.0000,1606359115,AAPL
2015-07-31,126.9000,121.3000,132.9700,119.2200,1058280697,AAPL
2015-06-30,131.2000,125.4250,131.3900,124.4800,878606841,AAPL
2015-05-29,126.1000,130.2800,132.9700,123.3600,954152126,AAPL
2015-04-30,124.8200,125.1500,134.5400,123.1000,996135511,AAPL
2015-03-31,129.2500,124.4300,130.2800,121.6300,1138641910,AAPL
2015-02-27,118.0500,128.4600,133.6000,116.0800,1136535493,AAPL
2015-01-30,111.3900,117.1600,120.0000,104.6300,1304879185,AAPL
2014-12-31,118.8100,110.3800,119.2500,106.2600,1073775862,AAPL
2014-11-28,108.2200,118.9300,119.7500,107.7200,820471729,AAPL
2014-10-31,100.5900,108.0000,108.0400,95.1800,1360280122,AAPL
2014-09-30,103.0600,100.7500,103.7400,96.1400,1523782675,AAPL
2014-08-29,94.9000,102.5000,102.9000,93.2800,930931500,AAPL
2014-07-31,93.5200,95.6000,99.4400,92.5700,1035191700,AAPL
2014-06-30,633.9600,92.9300,651.2600,89.6500,853194497,AAPL
2014-05-30,592.0000,633.0000,644.1700,580.3300,204845300,AAPL
2014-04-30,537.7600,590.0900,599.4300,511.3300,229823600,AAPL
2014-03-31,523.4200,536.7400,549.0000,522.8100,178632100,AAPL
2014-02-28,502.6100,526.2400,551.1900,499.3000,210013100,AAPL
2014-01-31,555.6800,500.6000,560.2000,493.5500,313069800,AAPL
2013-12-31,558.0000,561.0200,575.1358,538.8000,252049900,AAPL
2013-11-29,524.0200,556.0700,558.3300,512.3800,186612700,AAPL
2013-10-31,478.4500,522.7020,539.2500,478.2800,279919000,AAPL
2013-09-30,493.1000,476.7500,507.9200,447.2200,308247900,AAPL
2013-08-30,455.7527,487.2160,513.7400,453.2600,287797800,AAPL
2013-07-31,402.6900,452.5300,457.3425,401.2200,233504100,AAPL
2013-06-28,450.7300,396.5300,454.4300,388.8700,250662000,AAPL
2013-05-31,444.4600,449.7350,465.7500,418.9000,337411800,AAPL
2013-04-30,441.9000,442.7800,445.2500,385.1000,391553200,AAPL
2013-03-28,438.0000,442.6600,469.9500,419.0000,327745600,AAPL
2013-02-28,459.1100,441.4000,484.9400,437.6600,333715500,AAPL
2013-01-31,553.8200,455.4900,555.0000,435.0000,468693700,AAPL
2012-12-31,593.6500,532.1729,594.5900,501.2300,433312600,AAPL
2012-11-30,598.2200,585.2800,603.0000,505.7501,461780400,AAPL
2012-10-31,671.5000,595.3200,676.7500,587.7000,433672500,AAPL
2012-09-28,665.7600,667.1050,705.0700,656.0000,328535900,AAPL
2012-08-31,615.9050,665.2400,680.8700,600.2500,295578800,AAPL
2012-07-31,584.7300,610.7600,619.8700,570.0000,318201800,AAPL
2012-06-29,569.1600,584.0000,590.0000,548.5000,280565200,AAPL
2012-05-31,584.9000,577.7300,596.7600,522.1800,396655200,AAPL
2012-04-30,601.8300,583.9800,644.0000,555.0000,557106800,AAPL
2012-03-30,548.1700,599.5500,621.4500,516.2210,556583500,AAPL
2012-02-29,458.4100,542.4400,547.6100,453.9800,406019800,AAPL
2012-01-31,409.4000,456.4800,458.2400,409.0000,244994800,AAPL
2011-12-30,382.5400,405.0000,409.0900,377.6800,225233300,AAPL
2011-11-30,397.4100,382.2000,408.0000,363.3200,320132200,AAPL
2011-10-31,380.3700,404.7800,426.7000,354.2400,469336700,AAPL
2011-09-30,385.8200,381.3200,422.8600,366.4800,427766000,AAPL
2011-08-31,397.7800,384.8300,399.5000,353.0200,576521400,AAPL
2011-07-29,335.9500,390.4800,404.5000,334.2000,380498100,AAPL
2011-06-30,348.8700,335.6700,352.1320,310.5000,330851800,AAPL
2011-05-31,349.7400,347.8300,351.8300,329.4200,246859300,AAPL
2011-04-29,351.1100,350.1300,355.1300,320.1600,330493900,AAPL
2011-03-31,355.4700,348.5075,361.6700,326.2600,403802100,AAPL
2011-02-28,341.3000,353.2100,364.9000,337.7200,331998200,AAPL
2011-01-31,325.6400,339.3200,348.6000,324.8365,387197700,AAPL
2010-12-31,315.2700,322.5600,326.6600,314.8900,249044100,AAPL
2010-11-30,302.2200,311.1500,321.3000,297.7600,339574500,AAPL
2010-10-29,283.7500,300.9800,319.0000,277.7700,436949200,AAPL
2010-09-30,247.4700,283.7500,294.7300,246.2800,423211400,AAPL
2010-08-31,260.4400,243.1000,264.2800,235.5600,342468600,AAPL
2010-07-30,254.3000,257.2500,265.9900,239.6000,559632300,AAPL
2010-06-30,259.6900,251.5300,279.0100,242.2000,594687600,AAPL
2010-05-28,263.8400,256.8800,267.8800,199.2500,645809100,AAPL
2010-04-30,237.4900,261.0900,272.4600,232.7500,441683200,AAPL
2010-03-31,205.7500,235.0000,237.4800,205.4500,434077600,AAPL
2010-02-26,192.3700,204.6200,205.1700,190.8500,384860000,AAPL
2010-01-29,213.4300,192.0630,215.5900,190.2500,541749800,AAPL
2009-12-31,202.2400,210.7320,213.9500,188.6800,406927100,AAPL
2009-11-30,189.8000,199.9100,208.0000,185.5700,301956600,AAPL
2009-10-30,185.3500,188.5000,208.7099,180.7000,462720600,AAPL
2009-09-30,167.9900,185.3500,188.9000,164.1100,356761400,AAPL
2009-08-31,165.2100,168.2100,172.4900,159.4200,291611600,AAPL
2009-07-31,143.5000,163.3900,165.0000,134.4200,390790600,AAPL
2009-06-30,136.4700,142.4300,146.4000,132.8800,452699000,AAPL
2009-05-29,125.8000,135.8100,135.9000,119.3800,337755100,AAPL
2009-04-30,104.0900,125.8300,127.2000,103.8900,422202900,AAPL
2009-03-31,89.3100,105.1200,109.9800,82.3300,550878500,AAPL
2009-02-27,89.1000,89.3100,103.0000,86.5100,495266100,AAPL
2009-01-30,85.8800,90.1300,97.1700,78.2000,646633600,AAPL
2008-12-31,91.3000,85.3500,103.6000,84.5500,721923100,AAPL
2008-11-28,105.9300,92.6700,111.7900,79.1400,843552200,AAPL
2008-10-31,111.9200,107.5900,116.4000,85.0000,1479525400,AAPL
2008-09-30,172.4000,113.6600,173.5000,100.5900,859555800,AAPL
2008-08-29,159.9400,169.5300,180.4500,152.9100,467348400,AAPL
2008-07-31,164.0500,158.9500,180.9100,146.5300,705348600,AAPL
2008-06-30,188.5000,167.4400,189.9500,164.1500,695564100,AAPL
2008-05-30,175.0100,188.7500,192.2400,172.0000,663864800,AAPL
2008-04-30,146.3000,173.9500,180.0000,143.6100,813820800,AAPL
2008-03-31,124.4400,143.5000,145.7400,118.0000,818831200,AAPL
2008-02-29,136.2400,125.0200,136.5900,115.4400,888069800,AAPL
2008-01-31,199.2700,135.3600,200.2600,126.1400,1256210300,AAPL
2007-12-31,181.8600,198.0800,202.9600,176.9900,616167100,AAPL
2007-11-30,188.6000,182.2200,192.6800,150.6300,935706800,AAPL
2007-10-31,154.6300,189.9500,190.1200,152.9300,831349700,AAPL
2007-09-28,139.9400,153.4700,155.0000,130.0000,747543700,AAPL
2007-08-31,133.6400,138.4800,139.6500,111.6200,870028500,AAPL
2007-07-31,121.0500,131.7600,148.9200,119.3000,857806200,AAPL
2007-06-29,121.1000,122.0400,127.6100,115.4000,831412200,AAPL
2007-05-31,99.5900,121.1910,122.1700,98.5500,620181000,AAPL
2007-04-30,94.1400,99.8000,102.5000,89.6000,480705000,AAPL
2007-03-30,84.0300,92.9100,96.8300,83.7500,568523000,AAPL
2007-02-28,86.2300,84.6100,90.8100,82.8600,490084100,AAPL
2007-01-31,86.2900,85.7300,97.8000,81.9000,971777900,AAPL
2006-12-29,91.8000,84.8400,92.3300,76.7700,603242600,AAPL
2006-11-30,81.1000,91.6600,93.1590,77.7900,494103000,AAPL
2006-10-31,75.1000,81.0800,82.6000,72.6000,513855600,AAPL
2006-09-29,68.4800,76.9800,77.7800,67.8200,632912800,AAPL
2006-08-31,67.2200,67.8500,70.0000,62.5800,638844500,AAPL
2006-07-31,57.5200,67.9600,68.6300,50.1600,624276500,AAPL
2006-06-30,59.8500,57.2700,63.1000,55.4100,640593700,AAPL
2006-05-31,70.7800,59.7700,73.8000,58.6900,557456400,AAPL
2006-04-28,63.6600,70.3900,72.0500,61.0500,718545800,AAPL
2006-03-31,69.0000,62.7200,69.9900,57.6700,828308300,AAPL
2006-02-28,75.0000,68.4900,76.4600,62.9000,670024900,AAPL
2006-01-31,72.3320,75.5100,86.4000,70.8700,781370400,AAPL
2005-12-30,68.9500,71.8900,75.4600,68.8100,466577300,AAPL
2005-11-30,57.2400,67.8200,71.0700,56.8700,480586700,AAPL
2005-10-31,54.1600,57.5900,57.9800,47.8700,665837400,AAPL
2005-09-30,47.0000,53.6100,54.5600,46.0900,440991800,AAPL
2005-08-31,42.6000,46.8900,48.3300,42.0200,335743100,AAPL
2005-07-29,36.8300,42.6500,44.3800,36.2900,360508800,AAPL
2005-06-30,39.8900,36.8100,40.7600,35.5200,404542700,AAPL
2005-05-31,36.2100,39.7593,40.9400,33.1100,459224800,AAPL
2005-04-29,42.0900,36.0600,44.4500,34.0000,691982800,AAPL
2005-03-31,44.9900,41.6700,45.1100,38.8300,524140000,AAPL
2005-02-28,77.0500,44.8600,90.8800,43.9600,383016900,AAPL
2005-01-31,64.7800,76.9000,77.8900,62.6000,459075800,AAPL
2004-12-31,67.7900,64.4000,67.9500,61.6000,284796700,AAPL
2004-11-30,52.5000,67.0500,69.5700,52.0400,311421500,AAPL
2004-10-29,39.1500,52.4000,53.2000,37.6500,287399400,AAPL
2004-09-30,34.3000,38.7500,39.2700,34.1900,137026900,AAPL
2004-08-31,31.1800,34.4900,35.1800,29.7000,143060100,AAPL
2004-07-30,32.0800,32.3400,33.6300,28.7400,173153200,AAPL
2004-06-30,27.7900,32.5400,34.1900,27.6100,146914900,AAPL
2004-05-28,26.0000,28.0600,28.7800,25.5000,94719200,AAPL
2004-04-30,26.9000,25.7800,29.5800,25.4900,159467400,AAPL
2004-03-31,24.0900,27.0400,28.1400,23.6000,207609200,AAPL
2004-02-27,22.4600,23.9200,24.1000,21.7000,87893400,AAPL
2004-01-30,21.5500,22.5600,24.8400,21.1800,141567900,AAPL
2003-12-31,21.0400,21.3700,21.9000,19.2500,97390600,AAPL
2003-11-28,22.8300,20.9100,23.3000,19.8500,88823300,AAPL
2003-10-31,20.7500,22.8900,25.0110,20.1900,125717700,AAPL
2003-09-30,22.6600,20.7200,23.3200,20.1490,95490800,AAPL
2003-08-29,21.0000,22.6100,22.8500,19.4200,76920800,AAPL
2003-07-31,18.8700,21.0800,21.5700,18.5100,93183400,AAPL
2003-06-30,18.1000,19.0600,19.6900,16.6300,109166700,AAPL
2003-05-30,14.2500,17.9500,19.0000,14.0000,193063300,AAPL
2003-04-30,14.2000,14.2200,14.9500,12.7200,138845400,AAPL
2003-03-31,15.0100,14.1400,15.1600,14.0400,71935800,AAPL
2003-02-28,14.4100,15.0100,15.3000,13.8000,73469700,AAPL
2003-01-31,14.3600,14.3600,15.3800,13.5600,107961300,AAPL
2002-12-31,15.9000,14.3300,16.1000,13.7800,80900700,AAPL
2002-11-29,15.9400,15.5000,17.3800,15.0100,80923600,AAPL
2002-10-31,14.5900,16.0700,16.4400,13.3600,118061300,AAPL
2002-09-30,14.4900,14.5000,15.1900,14.0500,94497100,AAPL
2002-08-30,15.1100,14.7500,16.2500,13.9700,91994400,AAPL
2002-07-31,17.7100,15.2600,18.7900,13.8000,144971700,AAPL
2002-06-28,23.3900,17.7200,23.4500,15.9800,155500300,AAPL
2002-05-31,24.2900,23.3000,25.9800,22.1400,106717100,AAPL
2002-04-30,24.7000,24.2700,26.1700,23.0000,114693500,AAPL
2002-03-28,21.9300,23.6700,25.3000,21.8200,94974700,AAPL
2002-02-28,24.9600,21.7000,25.9800,20.9400,139954000,AAPL
2002-01-31,22.0500,24.7200,24.7300,20.2600,152060300,AAPL
2001-12-31,21.0600,21.9000,24.0300,20.0900,82675700,AAPL
2001-11-30,17.6500,21.3000,21.5500,17.2500,95888300,AAPL
2001-10-31,15.4900,17.5600,19.4200,14.8300,134718700,AAPL
2001-09-28,18.5000,15.5100,19.0800,14.6800,98777200,AAPL
2001-08-31,19.0100,18.5500,19.9000,17.2800,91595700,AAPL
2001-07-31,23.6400,18.7900,25.2200,17.8500,154555400,AAPL
2001-06-29,20.1300,23.2500,25.1000,19.3500,136397600,AAPL
2001-05-31,25.4100,19.9500,26.7000,19.3000,133364900,AAPL
2001-04-30,22.0900,25.4900,27.1200,18.7500,199267700,AAPL
2001-03-30,17.8100,22.0700,23.7500,17.1900,192840400,AAPL
2001-02-28,20.6900,18.2500,21.9400,18.0000,125424400,AAPL
2001-01-31,14.8800,21.6200,22.5000,14.4400,244811800,AAPL
2000-12-29,17.0000,14.8800,17.5000,13.6300,158195900,AAPL
2000-11-30,19.4400,16.5000,23.0000,16.1200,151578100,AAPL
2000-10-31,26.6900,19.5600,26.7500,17.5000,391174800,AAPL
2000-09-29,61.3100,25.7500,64.1200,25.3700,259230900,AAPL
2000-08-31,50.3100,60.9400,61.5000,44.2500,100644400,AAPL
2000-07-31,52.1300,50.8100,60.6300,46.8800,102620900,AAPL
2000-06-30,81.7500,52.3800,103.9400,50.3100,89106200,AAPL
2000-05-31,124.8700,84.0000,126.2500,81.7500,87569200,AAPL
2000-04-28,135.5000,124.0600,139.5000,104.8700,77342900,AAPL
2000-03-31,118.5600,135.8100,150.3800,114.0000,77663900,AAPL
2000-02-29,104.0000,114.6200,119.9400,97.0000,65355200,AAPL
2000-01-31,104.8700,103.7500,121.5000,86.5000,112099800,AAPL
1999-12-31,101.0000,102.8100,118.0000,91.0600,84091200,AAPL
2023-09-20,47.5100,46.5500,49.1881,45.2500,212778711,UBER
2023-08-31,48.6700,47.2300,49.0300,42.9500,484045855,UBER
2023-07-31,43.1700,49.4600,49.4900,41.7460,420582280,UBER
2023-06-30,37.5000,43.1700,45.2400,37.2650,482575452,UBER
2023-05-31,32.0000,37.9300,40.5000,31.7600,658986111,UBER
2023-04-28,31.5000,31.0500,32.9300,29.2200,362097852,UBER
2023-03-31,33.4300,31.7000,35.1100,29.9700,483517493,UBER
2023-02-28,30.8800,33.2600,37.5800,30.6400,656146852,UBER
2023-01-31,25.3700,30.9300,31.2000,25.0200,369525048,UBER
2022-12-30,29.2200,24.7300,29.6000,23.9000,416467654,UBER
2022-11-30,30.0700,29.1400,31.8150,26.4400,545295434,UBER
2022-10-31,26.7600,26.5700,30.2400,22.9400,546927911,UBER
2022-09-30,28.1700,26.5000,34.3250,26.0000,559623745,UBER
2022-08-31,23.4300,28.7600,33.3600,22.8850,715248594,UBER
2022-07-29,20.7000,23.4500,24.8100,20.4300,469814733,UBER
2022-06-30,23.5300,20.4600,26.6900,19.8950,702032527,UBER
2022-05-31,31.2400,23.2000,31.3500,21.2750,968999629,UBER
2022-04-29,35.6800,31.4800,36.9300,30.1600,495740107,UBER
2022-03-31,35.4500,35.6800,37.4500,28.2777,786085482,UBER
2022-02-28,37.6300,36.0300,42.5600,29.7100,739378199,UBER
2022-01-31,42.4800,37.4000,45.9000,32.8100,576599671,UBER
2021-12-31,39.4500,41.9300,44.3500,34.8800,685421227,UBER
2021-11-30,44.0700,38.0000,48.7400,37.0350,637533556,UBER
2021-10-29,45.9150,43.8200,48.8800,43.5700,389229016,UBER
2021-09-30,39.9800,44.8000,47.4300,38.0800,620033032,UBER
2021-08-31,44.1000,39.1400,44.9350,38.8400,572392080,UBER
2021-07-30,50.8800,43.4600,52.0300,43.3400,387006287,UBER
2021-06-30,51.6200,50.1200,52.3600,47.7500,388063612,UBER
2021-05-28,55.1200,50.8300,56.1300,43.1700,552187814,UBER
2021-04-30,55.6100,54.7700,61.5000,53.1100,347749061,UBER
2021-03-31,53.6700,54.5100,61.0200,50.8100,408000543,UBER
2021-02-26,52.1200,51.7500,64.0500,50.6100,407192508,UBER
2021-01-29,52.2200,50.9300,60.0300,47.1500,481456833,UBER
2020-12-31,50.0000,51.0000,56.0200,48.5300,420751830,UBER
2020-11-30,34.1500,49.6600,52.1500,34.0600,538984147,UBER
2020-10-30,36.8600,33.4100,38.3500,32.9000,350032618,UBER
2020-09-30,33.4500,36.4800,38.5200,31.5500,502782216,UBER
2020-08-31,30.2400,33.6300,34.7950,28.4800,490880163,UBER
2020-07-31,30.9600,30.2600,34.4600,29.7850,391681430,UBER
2020-06-30,35.6400,31.0800,38.7825,28.3900,544280380,UBER
2020-05-29,29.1300,36.3200,36.4500,26.5800,734156546,UBER
2020-04-30,26.5000,30.2700,32.0000,21.6700,621093926,UBER
2020-03-31,34.0500,27.9200,35.3400,13.7100,1093991970,UBER
2020-02-28,36.7500,33.8700,41.8600,30.6700,775101627,UBER
2020-01-31,29.9400,36.2900,37.9500,29.7900,531238496,UBER
2019-12-31,29.3200,29.7400,31.0600,27.6050,617857481,UBER
2019-11-29,31.4500,29.6000,31.7500,25.5800,843568973,UBER
2019-10-31,30.3700,31.5000,33.8900,28.3100,215087487,UBER
2019-09-30,32.1000,30.4700,35.1400,30.1300,173632869,UBER
2019-08-30,42.1400,32.5700,43.0000,32.0400,281377863,UBER
2019-07-31,46.9800,42.1400,47.0400,41.8400,154805724,UBER
2019-06-28,40.7435,46.3800,47.0800,40.2400,249870881,UBER
